id,nome,preco,avaliacao,vendas
1,Fone Bluetooth JBL Tune 520,229.90,4.6,1840
2,Mouse sem fio Logitech M170,59.90,4.4,5320
3,Teclado Mecanico Redragon Kumara,249.00,4.7,2210
4,Monitor LG 24 Full HD,749.00,4.5,960
5,Notebook Lenovo IdeaPad 3,3299.00,4.3,410
6,SSD Kingston 480GB,219.90,4.8,3870
7,Pendrive SanDisk 64GB,39.90,4.5,7650
8,Webcam Logitech C920,449.90,4.7,1120
9,Cadeira Gamer ThunderX3,1199.00,4.1,380
10,Headset HyperX Cloud Stinger,299.90,4.6,2540
11,Smartphone Samsung Galaxy A15,1099.00,4.4,3010
12,Carregador Turbo 25W,89.90,4.2,4480
13,Cabo USB-C 2 metros,29.90,4.0,9120
14,Smartwatch Xiaomi Band 8,249.90,4.5,2760
15,Caixa de Som JBL Go 3,229.00,4.8,3340
16,Roteador TP-Link Archer C6,279.90,4.5,1590
17,HD Externo Seagate 1TB,389.90,4.6,1280
18,Mousepad Gamer Grande,49.90,4.3,6020
19,Hub USB 4 portas,69.90,3.9,2150
20,Tablet Samsung Galaxy Tab A9,1199.00,4.4,720
21,Impressora Epson EcoTank L3250,1099.90,4.5,640
22,Microfone Fifine K669,199.90,4.6,1430
23,Suporte para Notebook,89.90,4.4,3360
24,Kindle 11 Geracao,499.00,4.9,2080
25,Controle Xbox Series sem fio,449.00,4.8,1760
26,Memoria RAM Kingston 8GB DDR4,169.90,4.7,2890
27,Fonte Corsair 650W,489.90,4.6,530
28,Filtro de Linha 8 tomadas,79.90,4.1,3950
29,Luminaria LED de Mesa,119.90,4.2,1210
30,Echo Dot 5 Geracao,399.00,4.7,4100
